query_id,classification,correct_answer,extracted_answer,review_note,prior_judge_marked_same_answer_correct,run_file,eval_file
192,high_confidence_judge_error,Dr. Kang Se Hoon,Kang Se-hoon,Same person; honorific omission and Se-hoon/Se Hoon punctuation are non-semantic.,False,C:\Users\Dell\BrowseComp-Plus\runs\atom-electron-1.3-9b-full-830-docs-v2-128k\run_qid_192.json,C:\Users\Dell\BrowseComp-Plus\evals\atom-electron-1.3-9b-full-830-docs-v2-128k\run_qid_192_eval.json
216,high_confidence_judge_error,Manly Hall,Manly P. Hall,Same person; adding the correct middle initial does not change identity.,False,C:\Users\Dell\BrowseComp-Plus\runs\atom-electron-1.3-9b-full-830-docs-v2-128k\run_qid_216.json,C:\Users\Dell\BrowseComp-Plus\evals\atom-electron-1.3-9b-full-830-docs-v2-128k\run_qid_216_eval.json
219,judge_rejection_justified,Fall of the Queen Bean,Fall for the Queen Bean,Different title wording: 'for' versus 'of'. Rejection is justified.,False,C:\Users\Dell\BrowseComp-Plus\runs\atom-electron-1.3-9b-full-830-docs-v2-128k\run_qid_219.json,C:\Users\Dell\BrowseComp-Plus\evals\atom-electron-1.3-9b-full-830-docs-v2-128k\run_qid_219_eval.json
275,probable_or_policy_dependent,Union Carbide and Carbon Corporation.,Union Carbide Corporation,Same corporate lineage after a 1957 rename; acceptance depends on whether the historical founding name is required.,False,C:\Users\Dell\BrowseComp-Plus\runs\atom-electron-1.3-9b-full-830-docs-v2-128k\run_qid_275.json,C:\Users\Dell\BrowseComp-Plus\evals\atom-electron-1.3-9b-full-830-docs-v2-128k\run_qid_275_eval.json
278,probable_or_policy_dependent,MediaLab Group,Medialab,MediaLab is a natural short form of MediaLab Group; likely the same company.,False,C:\Users\Dell\BrowseComp-Plus\runs\atom-electron-1.3-9b-full-830-docs-v2-128k\run_qid_278.json,C:\Users\Dell\BrowseComp-Plus\evals\atom-electron-1.3-9b-full-830-docs-v2-128k\run_qid_278_eval.json
283,probable_or_policy_dependent,Zimri Elder,Zimri Eder,Retrieved full document names the protagonist Zimri Eder while the gold says Elder; likely a gold/source inconsistency.,False,C:\Users\Dell\BrowseComp-Plus\runs\atom-electron-1.3-9b-full-830-docs-v2-128k\run_qid_283.json,C:\Users\Dell\BrowseComp-Plus\evals\atom-electron-1.3-9b-full-830-docs-v2-128k\run_qid_283_eval.json
394,high_confidence_judge_error,wing three-quarter,Wing,Wing is the modern/common synonym for rugby wing three-quarter.,False,C:\Users\Dell\BrowseComp-Plus\runs\atom-electron-1.3-9b-full-830-docs-v2-128k\run_qid_394.json,C:\Users\Dell\BrowseComp-Plus\evals\atom-electron-1.3-9b-full-830-docs-v2-128k\run_qid_394_eval.json
406,probable_or_policy_dependent,Masata Kato,Masato Kato,Retrieved evidence identifies Masato Kato; the gold's Masata appears to be a typo.,False,C:\Users\Dell\BrowseComp-Plus\runs\atom-electron-1.3-9b-full-830-docs-v2-128k\run_qid_406.json,C:\Users\Dell\BrowseComp-Plus\evals\atom-electron-1.3-9b-full-830-docs-v2-128k\run_qid_406_eval.json
422,probable_or_policy_dependent,Nicotiana tabacum variety Wisconsin 38,Wisconsin 38,Wisconsin 38 uniquely names the requested Nicotiana tabacum variety; genus/species omission is not identity-changing.,False,C:\Users\Dell\BrowseComp-Plus\runs\atom-electron-1.3-9b-full-830-docs-v2-128k\run_qid_422.json,C:\Users\Dell\BrowseComp-Plus\evals\atom-electron-1.3-9b-full-830-docs-v2-128k\run_qid_422_eval.json
425,judge_rejection_justified,Graham Cracker Crumble,Graham,Graham alone is not the requested complete dessert topping. Rejection is justified.,False,C:\Users\Dell\BrowseComp-Plus\runs\atom-electron-1.3-9b-full-830-docs-v2-128k\run_qid_425.json,C:\Users\Dell\BrowseComp-Plus\evals\atom-electron-1.3-9b-full-830-docs-v2-128k\run_qid_425_eval.json
443,high_confidence_judge_error,Ivapur Hidra,Ivatherm Ivapur Hidra Hydrating Cream,Prediction contains the exact product name plus brand/category descriptors.,False,C:\Users\Dell\BrowseComp-Plus\runs\atom-electron-1.3-9b-full-830-docs-v2-128k\run_qid_443.json,C:\Users\Dell\BrowseComp-Plus\evals\atom-electron-1.3-9b-full-830-docs-v2-128k\run_qid_443_eval.json
445,high_confidence_judge_error,"multiple-membership, multiple-classification",multiple-membership multiple-classification model,Adding 'model' completes the name of the statistical model; same answer.,False,C:\Users\Dell\BrowseComp-Plus\runs\atom-electron-1.3-9b-full-830-docs-v2-128k\run_qid_445.json,C:\Users\Dell\BrowseComp-Plus\evals\atom-electron-1.3-9b-full-830-docs-v2-128k\run_qid_445_eval.json
509,judge_rejection_justified,Sacrofanite,Sacrofanoite,Retrieved evidence spells the mineral Sacrofanite; Sacrofanoite is a real spelling error.,False,C:\Users\Dell\BrowseComp-Plus\runs\atom-electron-1.3-9b-full-830-docs-v2-128k\run_qid_509.json,C:\Users\Dell\BrowseComp-Plus\evals\atom-electron-1.3-9b-full-830-docs-v2-128k\run_qid_509_eval.json
514,judge_rejection_justified,Maximilian Josef Sommer,Josef Sommer,Question explicitly asks for the full name; Maximilian is missing. Rejection is justified.,False,C:\Users\Dell\BrowseComp-Plus\runs\atom-electron-1.3-9b-full-830-docs-v2-128k\run_qid_514.json,C:\Users\Dell\BrowseComp-Plus\evals\atom-electron-1.3-9b-full-830-docs-v2-128k\run_qid_514_eval.json
516,high_confidence_judge_error,Sacred Heart High School,Sacred Heart High School Hammersmith,Prediction is the same school with a disambiguating location.,False,C:\Users\Dell\BrowseComp-Plus\runs\atom-electron-1.3-9b-full-830-docs-v2-128k\run_qid_516.json,C:\Users\Dell\BrowseComp-Plus\evals\atom-electron-1.3-9b-full-830-docs-v2-128k\run_qid_516_eval.json
519,probable_or_policy_dependent,Glafkos Clerides: The Path of a Country,Glafcos Clerides: The Path of a Country,Glafcos/Glafkos is a common transliteration variant; likely the same book title.,False,C:\Users\Dell\BrowseComp-Plus\runs\atom-electron-1.3-9b-full-830-docs-v2-128k\run_qid_519.json,C:\Users\Dell\BrowseComp-Plus\evals\atom-electron-1.3-9b-full-830-docs-v2-128k\run_qid_519_eval.json
532,probable_or_policy_dependent,Hartlepool United,Hartlepools United,The cited player represented Hartlepools United under that historical name; gold uses the modern singular form.,False,C:\Users\Dell\BrowseComp-Plus\runs\atom-electron-1.3-9b-full-830-docs-v2-128k\run_qid_532.json,C:\Users\Dell\BrowseComp-Plus\evals\atom-electron-1.3-9b-full-830-docs-v2-128k\run_qid_532_eval.json
542,high_confidence_judge_error,Brian Gilbert,Brian David Gilbert,Same person; adding the middle name does not change identity.,False,C:\Users\Dell\BrowseComp-Plus\runs\atom-electron-1.3-9b-full-830-docs-v2-128k\run_qid_542.json,C:\Users\Dell\BrowseComp-Plus\evals\atom-electron-1.3-9b-full-830-docs-v2-128k\run_qid_542_eval.json
577,probable_or_policy_dependent,DN AGRAR Group,DN AGRAR,"DN AGRAR is the same reporting group, but the legal/group suffix is omitted.",False,C:\Users\Dell\BrowseComp-Plus\runs\atom-electron-1.3-9b-full-830-docs-v2-128k\run_qid_577.json,C:\Users\Dell\BrowseComp-Plus\evals\atom-electron-1.3-9b-full-830-docs-v2-128k\run_qid_577_eval.json
579,judge_rejection_justified,"March 5, 2021","March 9, 2021",Different day (March 9 versus March 5). Rejection is justified.,False,C:\Users\Dell\BrowseComp-Plus\runs\atom-electron-1.3-9b-full-830-docs-v2-128k\run_qid_579.json,C:\Users\Dell\BrowseComp-Plus\evals\atom-electron-1.3-9b-full-830-docs-v2-128k\run_qid_579_eval.json
593,judge_rejection_justified,"February 9, 2021",February 2021,Question asks for a date; day is missing. Rejection is justified.,False,C:\Users\Dell\BrowseComp-Plus\runs\atom-electron-1.3-9b-full-830-docs-v2-128k\run_qid_593.json,C:\Users\Dell\BrowseComp-Plus\evals\atom-electron-1.3-9b-full-830-docs-v2-128k\run_qid_593_eval.json
607,high_confidence_judge_error,1lb 6oz,1lbs 6oz,1lb and 1lbs express the same weight; plural grammar is non-semantic.,False,C:\Users\Dell\BrowseComp-Plus\runs\atom-electron-1.3-9b-full-830-docs-v2-128k\run_qid_607.json,C:\Users\Dell\BrowseComp-Plus\evals\atom-electron-1.3-9b-full-830-docs-v2-128k\run_qid_607_eval.json
625,judge_rejection_justified,6; Lynn Okamoto,7; Lynn Okamoto,Episode number is wrong (7 versus 6). Rejection is justified.,False,C:\Users\Dell\BrowseComp-Plus\runs\atom-electron-1.3-9b-full-830-docs-v2-128k\run_qid_625.json,C:\Users\Dell\BrowseComp-Plus\evals\atom-electron-1.3-9b-full-830-docs-v2-128k\run_qid_625_eval.json
639,high_confidence_judge_error,John Daniel delos Santos,John Daniel Delos Santos,Capitalization of 'delos' does not change the person's identity.,False,C:\Users\Dell\BrowseComp-Plus\runs\atom-electron-1.3-9b-full-830-docs-v2-128k\run_qid_639.json,C:\Users\Dell\BrowseComp-Plus\evals\atom-electron-1.3-9b-full-830-docs-v2-128k\run_qid_639_eval.json
651,high_confidence_judge_error,FormFactor,"FormFactor, Inc.","Corporate suffix ', Inc.' does not change the company identity.",False,C:\Users\Dell\BrowseComp-Plus\runs\atom-electron-1.3-9b-full-830-docs-v2-128k\run_qid_651.json,C:\Users\Dell\BrowseComp-Plus\evals\atom-electron-1.3-9b-full-830-docs-v2-128k\run_qid_651_eval.json
652,high_confidence_judge_error,Auxly,Auxly Cannabis Group Inc.,Full legal name and short brand/company name refer to the same entity.,False,C:\Users\Dell\BrowseComp-Plus\runs\atom-electron-1.3-9b-full-830-docs-v2-128k\run_qid_652.json,C:\Users\Dell\BrowseComp-Plus\evals\atom-electron-1.3-9b-full-830-docs-v2-128k\run_qid_652_eval.json
709,probable_or_policy_dependent,Lewis Dunk,Dunk,"Surname-only answer is unambiguous in the response, but the question asks which footballer; policy-dependent completeness.",False,C:\Users\Dell\BrowseComp-Plus\runs\atom-electron-1.3-9b-full-830-docs-v2-128k\run_qid_709.json,C:\Users\Dell\BrowseComp-Plus\evals\atom-electron-1.3-9b-full-830-docs-v2-128k\run_qid_709_eval.json
716,high_confidence_judge_error,Libanius: A Critical Introduction ,Libanius: a critical introduction,Title differs only in capitalization.,False,C:\Users\Dell\BrowseComp-Plus\runs\atom-electron-1.3-9b-full-830-docs-v2-128k\run_qid_716.json,C:\Users\Dell\BrowseComp-Plus\evals\atom-electron-1.3-9b-full-830-docs-v2-128k\run_qid_716_eval.json
749,probable_or_policy_dependent,Joseph Anokye,Joe Anokye,Joe is a standard short form of Joseph; likely the same individual.,False,C:\Users\Dell\BrowseComp-Plus\runs\atom-electron-1.3-9b-full-830-docs-v2-128k\run_qid_749.json,C:\Users\Dell\BrowseComp-Plus\evals\atom-electron-1.3-9b-full-830-docs-v2-128k\run_qid_749_eval.json
791,high_confidence_judge_error,Jadal,JadaL,Same band; capitalization only. A prior judge accepted the same normalized answer.,True,C:\Users\Dell\BrowseComp-Plus\runs\atom-electron-1.3-9b-full-830-docs-v2-128k\run_qid_791.json,C:\Users\Dell\BrowseComp-Plus\evals\atom-electron-1.3-9b-full-830-docs-v2-128k\run_qid_791_eval.json
820,high_confidence_judge_error,Genetics Nepal Pvt. Ltd,Genetics Nepal,"Omitting Pvt. Ltd. does not change the identified employer, though the question asks for the company name as of a date.",False,C:\Users\Dell\BrowseComp-Plus\runs\atom-electron-1.3-9b-full-830-docs-v2-128k\run_qid_820.json,C:\Users\Dell\BrowseComp-Plus\evals\atom-electron-1.3-9b-full-830-docs-v2-128k\run_qid_820_eval.json
826,judge_rejection_justified,Sunset at Biafra,Sunset in Biafra,Different book-title preposition ('in' versus 'at'). Rejection is justified.,False,C:\Users\Dell\BrowseComp-Plus\runs\atom-electron-1.3-9b-full-830-docs-v2-128k\run_qid_826.json,C:\Users\Dell\BrowseComp-Plus\evals\atom-electron-1.3-9b-full-830-docs-v2-128k\run_qid_826_eval.json
941,high_confidence_judge_error,Mosquito,mosquitoes,Singular/plural form names the same insect.,False,C:\Users\Dell\BrowseComp-Plus\runs\atom-electron-1.3-9b-full-830-docs-v2-128k\run_qid_941.json,C:\Users\Dell\BrowseComp-Plus\evals\atom-electron-1.3-9b-full-830-docs-v2-128k\run_qid_941_eval.json
952,probable_or_policy_dependent,John Talabot session,Some John Talabot session,'Some' is an indefinite determiner; the substantive recommendation is the same John Talabot session.,False,C:\Users\Dell\BrowseComp-Plus\runs\atom-electron-1.3-9b-full-830-docs-v2-128k\run_qid_952.json,C:\Users\Dell\BrowseComp-Plus\evals\atom-electron-1.3-9b-full-830-docs-v2-128k\run_qid_952_eval.json
991,high_confidence_judge_error,Tóke Makinwa,Toke Makinwa,Gold text is mojibake; Toke Makinwa is the same name/person.,False,C:\Users\Dell\BrowseComp-Plus\runs\atom-electron-1.3-9b-full-830-docs-v2-128k\run_qid_991.json,C:\Users\Dell\BrowseComp-Plus\evals\atom-electron-1.3-9b-full-830-docs-v2-128k\run_qid_991_eval.json
1005,high_confidence_judge_error,Folke Karl Skoog,Folke K. Skoog,Middle initial K. correctly abbreviates Karl; same scientist.,False,C:\Users\Dell\BrowseComp-Plus\runs\atom-electron-1.3-9b-full-830-docs-v2-128k\run_qid_1005.json,C:\Users\Dell\BrowseComp-Plus\evals\atom-electron-1.3-9b-full-830-docs-v2-128k\run_qid_1005_eval.json
1061,judge_rejection_justified,I Survived I Kissed Dating Goodbye,I Kissed Dating Goodbye,"Prediction is the book title, not the requested documentary title. Rejection is justified.",False,C:\Users\Dell\BrowseComp-Plus\runs\atom-electron-1.3-9b-full-830-docs-v2-128k\run_qid_1061.json,C:\Users\Dell\BrowseComp-Plus\evals\atom-electron-1.3-9b-full-830-docs-v2-128k\run_qid_1061_eval.json
1079,probable_or_policy_dependent,Uche Jombo Rodriguez,Uche Jombo,Uche Jombo is the same director's professional name; Rodriguez is an omitted married surname.,False,C:\Users\Dell\BrowseComp-Plus\runs\atom-electron-1.3-9b-full-830-docs-v2-128k\run_qid_1079.json,C:\Users\Dell\BrowseComp-Plus\evals\atom-electron-1.3-9b-full-830-docs-v2-128k\run_qid_1079_eval.json
1138,high_confidence_judge_error,2B Intelligent Soft,2B Intelligent Soft S.A.,Legal suffix S.A. does not change company identity.,False,C:\Users\Dell\BrowseComp-Plus\runs\atom-electron-1.3-9b-full-830-docs-v2-128k\run_qid_1138.json,C:\Users\Dell\BrowseComp-Plus\evals\atom-electron-1.3-9b-full-830-docs-v2-128k\run_qid_1138_eval.json
1150,high_confidence_judge_error,"Trudy Bronner, Mathematics","Trudy Bronner, Math",Math and Mathematics are synonymous fields.,False,C:\Users\Dell\BrowseComp-Plus\runs\atom-electron-1.3-9b-full-830-docs-v2-128k\run_qid_1150.json,C:\Users\Dell\BrowseComp-Plus\evals\atom-electron-1.3-9b-full-830-docs-v2-128k\run_qid_1150_eval.json
1155,high_confidence_judge_error,Giusewa ,Giusewa Pueblo,Giusewa Pueblo is the same ancient village with a descriptive noun added.,False,C:\Users\Dell\BrowseComp-Plus\runs\atom-electron-1.3-9b-full-830-docs-v2-128k\run_qid_1155.json,C:\Users\Dell\BrowseComp-Plus\evals\atom-electron-1.3-9b-full-830-docs-v2-128k\run_qid_1155_eval.json
1211,high_confidence_judge_error,20 tantos,20tantos,Spacing-only difference in the same series title.,False,C:\Users\Dell\BrowseComp-Plus\runs\atom-electron-1.3-9b-full-830-docs-v2-128k\run_qid_1211.json,C:\Users\Dell\BrowseComp-Plus\evals\atom-electron-1.3-9b-full-830-docs-v2-128k\run_qid_1211_eval.json
